transaction id,room id,customer name,amount,time of transaction,description
0,alpine-retreat-001,Amina,97.95,2026-01-02T13:46:00Z,museum entry
1,alpine-retreat-001,Fatima,174.59,2026-01-02T19:22:00Z,dinner
2,alpine-retreat-001,Pedro,32.03,2026-01-02T20:06:00Z,late-night food
3,alpine-retreat-001,Owen,52.41,2026-01-02T21:57:00Z,dinner
4,alpine-retreat-001,Nina,179.60,2026-01-03T01:21:00Z,beach gear
5,alpine-retreat-001,George,129.89,2026-01-03T07:15:00Z,museum entry
0,sunset-loft-002,Daniel,105.02,2026-01-03T17:12:00Z,rideshare
1,sunset-loft-002,Liam,141.96,2026-01-03T18:39:00Z,gas
2,sunset-loft-002,Pedro,43.32,2026-01-03T23:50:00Z,snacks
3,sunset-loft-002,Elena,90.57,2026-01-04T05:37:00Z,late-night food
4,sunset-loft-002,Isaac,38.77,2026-01-04T09:13:00Z,rideshare
5,sunset-loft-002,Noah,40.83,2026-01-04T12:36:00Z,museum entry
0,maple-house-003,George,6.00,2026-01-04T14:18:00Z,late-night food
1,maple-house-003,Daniel,15.56,2026-01-04T18:03:00Z,parking
2,maple-house-003,Amina,94.37,2026-01-04T20:48:00Z,beach gear
3,maple-house-003,Zoe,43.73,2026-01-04T22:02:00Z,rideshare
4,maple-house-003,Noah,38.74,2026-01-04T23:08:00Z,dinner
5,maple-house-003,Priya,91.09,2026-01-05T01:49:00Z,beach gear
6,maple-house-003,Isaac,17.71,2026-01-05T02:55:00Z,museum entry
0,bluebird-suite-004,Zoe,80.51,2026-01-05T17:30:00Z,snacks
1,bluebird-suite-004,Elena,76.10,2026-01-05T18:09:00Z,dinner
2,bluebird-suite-004,Owen,140.30,2026-01-05T21:23:00Z,board games
3,bluebird-suite-004,Chloe,27.02,2026-01-06T00:53:00Z,snacks
4,bluebird-suite-004,Julian,58.05,2026-01-06T05:54:00Z,house supplies
5,bluebird-suite-004,Chloe,180.20,2026-01-06T10:32:00Z,brunch
6,bluebird-suite-004,Marcus,129.73,2026-01-06T16:22:00Z,pizza
0,harbor-view-005,George,26.42,2026-01-06T15:17:00Z,snacks
1,harbor-view-005,Leah,65.51,2026-01-06T19:56:00Z,late-night food
2,harbor-view-005,Fatima,118.06,2026-01-07T00:42:00Z,cleaning supplies
3,harbor-view-005,Pedro,68.63,2026-01-07T06:31:00Z,rideshare
4,harbor-view-005,Owen,86.45,2026-01-07T12:25:00Z,brunch
5,harbor-view-005,Zoe,89.92,2026-01-07T14:56:00Z,snacks
6,harbor-view-005,Marcus,50.87,2026-01-07T17:59:00Z,beach gear
7,harbor-view-005,Daniel,100.85,2026-01-07T21:16:00Z,utilities
8,harbor-view-005,Amina,57.75,2026-01-08T02:38:00Z,pizza
0,canyon-cabin-006,Maya,103.76,2026-01-07T12:53:00Z,house supplies
1,canyon-cabin-006,Zoe,94.51,2026-01-07T18:25:00Z,gas
2,canyon-cabin-006,Leah,9.24,2026-01-07T21:42:00Z,coffee
3,canyon-cabin-006,Leah,145.20,2026-01-08T01:39:00Z,brunch
4,canyon-cabin-006,Liam,50.52,2026-01-08T05:17:00Z,parking
5,canyon-cabin-006,Marcus,72.78,2026-01-08T10:38:00Z,dinner
0,cedar-lodge-007,Elena,131.76,2026-01-08T16:54:00Z,utilities
1,cedar-lodge-007,Nina,90.03,2026-01-08T21:30:00Z,brunch
2,cedar-lodge-007,Avery,10.12,2026-01-09T02:39:00Z,museum entry
3,cedar-lodge-007,Daniel,15.94,2026-01-09T07:37:00Z,snacks
4,cedar-lodge-007,Amina,48.85,2026-01-09T13:35:00Z,coffee
5,cedar-lodge-007,Liam,181.25,2026-01-09T15:02:00Z,utilities
6,cedar-lodge-007,Liam,127.47,2026-01-09T18:21:00Z,cleaning supplies
7,cedar-lodge-007,Nina,54.20,2026-01-09T23:20:00Z,parking
8,cedar-lodge-007,Priya,157.69,2026-01-10T03:53:00Z,snacks
9,cedar-lodge-007,Priya,170.89,2026-01-10T06:01:00Z,utilities
0,orchard-flat-008,Avery,32.14,2026-01-09T16:36:00Z,board games
1,orchard-flat-008,George,81.32,2026-01-09T21:23:00Z,movie tickets
2,orchard-flat-008,Priya,13.70,2026-01-09T22:13:00Z,laundry
3,orchard-flat-008,Daniel,45.44,2026-01-09T23:30:00Z,coffee
4,orchard-flat-008,Pedro,17.66,2026-01-10T03:41:00Z,ice cream
5,orchard-flat-008,George,83.07,2026-01-10T04:04:00Z,parking
0,riverview-den-009,Fatima,68.57,2026-01-10T16:48:00Z,beach gear
1,riverview-den-009,Marcus,184.02,2026-01-10T19:27:00Z,groceries
2,riverview-den-009,Daniel,24.30,2026-01-11T00:54:00Z,laundry
3,riverview-den-009,Amina,163.43,2026-01-11T02:55:00Z,museum entry
4,riverview-den-009,Priya,152.69,2026-01-11T05:37:00Z,groceries
0,golden-hall-010,Elena,116.37,2026-01-11T17:26:00Z,beach gear
1,golden-hall-010,Daniel,120.37,2026-01-11T23:16:00Z,ice cream
2,golden-hall-010,Julian,30.81,2026-01-12T03:22:00Z,groceries
3,golden-hall-010,Daniel,37.23,2026-01-12T08:06:00Z,gas
4,golden-hall-010,Isaac,37.20,2026-01-12T12:12:00Z,utilities
5,golden-hall-010,Noah,165.02,2026-01-12T13:36:00Z,coffee
6,golden-hall-010,Noah,76.84,2026-01-12T17:25:00Z,utilities
7,golden-hall-010,Maya,61.14,2026-01-12T19:54:00Z,dinner
0,pine-studio-011,Owen,20.16,2026-01-12T13:43:00Z,movie tickets
1,pine-studio-011,Avery,56.17,2026-01-12T16:49:00Z,coffee
2,pine-studio-011,Maya,128.61,2026-01-12T17:18:00Z,groceries
3,pine-studio-011,Leah,7.17,2026-01-12T19:04:00Z,museum entry
4,pine-studio-011,Daniel,9.03,2026-01-12T19:58:00Z,breakfast
0,willow-nook-012,Chloe,83.90,2026-01-13T16:33:00Z,coffee
1,willow-nook-012,Leah,127.25,2026-01-13T21:14:00Z,late-night food
2,willow-nook-012,Maya,65.99,2026-01-14T03:12:00Z,coffee
3,willow-nook-012,Isaac,111.23,2026-01-14T05:00:00Z,pizza
4,willow-nook-012,Owen,20.35,2026-01-14T10:00:00Z,gas
5,willow-nook-012,Noah,153.67,2026-01-14T13:11:00Z,rideshare
6,willow-nook-012,Julian,59.40,2026-01-14T15:17:00Z,movie tickets
7,willow-nook-012,Nina,66.02,2026-01-14T18:49:00Z,board games
8,willow-nook-012,George,131.93,2026-01-14T20:14:00Z,snacks
0,meadow-place-013,Fatima,77.68,2026-01-14T16:34:00Z,board games
1,meadow-place-013,Owen,40.38,2026-01-14T19:44:00Z,cleaning supplies
2,meadow-place-013,Isaac,176.21,2026-01-14T21:06:00Z,cleaning supplies
3,meadow-place-013,Julian,70.45,2026-01-15T02:47:00Z,breakfast
4,meadow-place-013,Pedro,112.37,2026-01-15T03:06:00Z,breakfast
5,meadow-place-013,Leah,46.11,2026-01-15T05:12:00Z,coffee
0,granite-home-014,Priya,135.82,2026-01-15T12:43:00Z,museum entry
1,granite-home-014,Noah,180.66,2026-01-15T17:51:00Z,rideshare
2,granite-home-014,Avery,17.13,2026-01-15T21:44:00Z,board games
3,granite-home-014,Daniel,120.74,2026-01-16T03:31:00Z,house supplies
4,granite-home-014,George,92.57,2026-01-16T03:58:00Z,rideshare
5,granite-home-014,Chloe,36.76,2026-01-16T05:15:00Z,groceries
0,driftwood-bungalow-015,Owen,88.00,2026-01-16T17:07:00Z,beach gear
1,driftwood-bungalow-015,Marcus,144.42,2026-01-16T20:55:00Z,coffee
2,driftwood-bungalow-015,Elena,137.06,2026-01-16T22:55:00Z,board games
3,driftwood-bungalow-015,Liam,101.11,2026-01-17T01:38:00Z,dinner
4,driftwood-bungalow-015,Avery,127.38,2026-01-17T04:02:00Z,movie tickets
5,driftwood-bungalow-015,Liam,15.78,2026-01-17T05:03:00Z,parking
6,driftwood-bungalow-015,Liam,13.40,2026-01-17T05:45:00Z,movie tickets
0,oak-commons-016,Owen,112.08,2026-01-17T14:42:00Z,breakfast
1,oak-commons-016,Amina,101.26,2026-01-17T19:41:00Z,late-night food
2,oak-commons-016,Chloe,41.48,2026-01-17T23:04:00Z,rideshare
3,oak-commons-016,Avery,103.36,2026-01-18T02:39:00Z,coffee
4,oak-commons-016,Owen,54.58,2026-01-18T04:20:00Z,snacks
5,oak-commons-016,Noah,21.90,2026-01-18T07:34:00Z,late-night food
6,oak-commons-016,Maya,69.79,2026-01-18T08:45:00Z,movie tickets
7,oak-commons-016,Priya,55.73,2026-01-18T10:59:00Z,dinner
0,lighthouse-room-017,Chloe,47.21,2026-01-18T16:30:00Z,coffee
1,lighthouse-room-017,Avery,115.18,2026-01-18T21:56:00Z,utilities
2,lighthouse-room-017,Pedro,131.89,2026-01-19T01:26:00Z,utilities
3,lighthouse-room-017,Chloe,164.12,2026-01-19T03:52:00Z,coffee
4,lighthouse-room-017,Maya,45.30,2026-01-19T07:13:00Z,brunch
0,redwood-haven-018,Noah,149.39,2026-01-19T16:47:00Z,gas
1,redwood-haven-018,Pedro,111.03,2026-01-19T19:09:00Z,ice cream
2,redwood-haven-018,Chloe,88.85,2026-01-20T00:44:00Z,utilities
3,redwood-haven-018,Julian,10.59,2026-01-20T02:15:00Z,breakfast
4,redwood-haven-018,Owen,37.71,2026-01-20T06:40:00Z,utilities
5,redwood-haven-018,Owen,110.39,2026-01-20T12:04:00Z,ice cream
6,redwood-haven-018,Fatima,106.56,2026-01-20T17:13:00Z,movie tickets
7,redwood-haven-018,Owen,117.71,2026-01-20T22:18:00Z,ice cream
0,summit-base-019,Sofia,54.76,2026-01-20T17:56:00Z,parking
1,summit-base-019,Owen,10.03,2026-01-20T22:44:00Z,beach gear
2,summit-base-019,Fatima,9.39,2026-01-21T04:10:00Z,parking
3,summit-base-019,Julian,77.29,2026-01-21T07:04:00Z,house supplies
4,summit-base-019,Liam,23.63,2026-01-21T13:03:00Z,pizza
5,summit-base-019,Maya,81.17,2026-01-21T15:37:00Z,breakfast
6,summit-base-019,Nina,92.42,2026-01-21T17:46:00Z,late-night food
0,garden-terrace-020,Julian,164.21,2026-01-21T14:57:00Z,late-night food
1,garden-terrace-020,Isaac,46.02,2026-01-21T19:27:00Z,rideshare
2,garden-terrace-020,Amina,120.39,2026-01-21T21:35:00Z,board games
3,garden-terrace-020,Leah,168.90,2026-01-22T00:14:00Z,breakfast
4,garden-terrace-020,Chloe,37.77,2026-01-22T02:56:00Z,groceries
5,garden-terrace-020,Noah,60.50,2026-01-22T05:40:00Z,ice cream
6,garden-terrace-020,Maya,44.11,2026-01-22T08:23:00Z,rideshare
7,garden-terrace-020,Sofia,17.14,2026-01-22T09:58:00Z,brunch
0,northstar-hub-021,Priya,74.17,2026-01-22T16:35:00Z,breakfast
1,northstar-hub-021,Liam,15.49,2026-01-22T17:21:00Z,breakfast
2,northstar-hub-021,Marcus,145.37,2026-01-22T19:32:00Z,pizza
3,northstar-hub-021,Zoe,63.05,2026-01-22T23:55:00Z,brunch
4,northstar-hub-021,Avery,147.60,2026-01-23T04:53:00Z,ice cream
5,northstar-hub-021,Liam,31.32,2026-01-23T06:17:00Z,coffee
6,northstar-hub-021,Nina,140.25,2026-01-23T12:13:00Z,movie tickets
0,coral-court-022,Sofia,89.28,2026-01-23T16:41:00Z,board games
1,coral-court-022,Owen,37.94,2026-01-23T17:19:00Z,coffee
2,coral-court-022,Chloe,167.64,2026-01-23T19:25:00Z,cleaning supplies
3,coral-court-022,Daniel,104.45,2026-01-23T21:40:00Z,utilities
4,coral-court-022,George,87.12,2026-01-23T22:56:00Z,dinner
5,coral-court-022,Amina,76.04,2026-01-24T04:28:00Z,late-night food
6,coral-court-022,Zoe,16.92,2026-01-24T08:44:00Z,gas
7,coral-court-022,Daniel,143.59,2026-01-24T12:56:00Z,museum entry
8,coral-court-022,Daniel,105.87,2026-01-24T18:32:00Z,utilities
0,silver-springs-023,Fatima,24.66,2026-01-24T16:10:00Z,ice cream
1,silver-springs-023,Priya,67.21,2026-01-24T18:19:00Z,laundry
2,silver-springs-023,Priya,43.97,2026-01-24T18:58:00Z,breakfast
3,silver-springs-023,Chloe,109.72,2026-01-24T20:37:00Z,pizza
4,silver-springs-023,Priya,82.90,2026-01-24T21:56:00Z,gas
5,silver-springs-023,Isaac,56.60,2026-01-25T00:24:00Z,breakfast
0,elm-grove-024,Maya,75.99,2026-01-25T14:29:00Z,rideshare
1,elm-grove-024,Julian,31.50,2026-01-25T17:37:00Z,dinner
2,elm-grove-024,Leah,28.42,2026-01-25T22:01:00Z,laundry
3,elm-grove-024,Amina,81.71,2026-01-25T22:20:00Z,dinner
4,elm-grove-024,Priya,174.13,2026-01-25T22:49:00Z,snacks
5,elm-grove-024,Liam,47.75,2026-01-26T01:16:00Z,groceries
6,elm-grove-024,Noah,47.56,2026-01-26T04:05:00Z,parking
0,moonstone-manor-025,Liam,56.83,2026-01-26T13:40:00Z,snacks
1,moonstone-manor-025,Isaac,7.51,2026-01-26T14:36:00Z,dinner
2,moonstone-manor-025,George,157.57,2026-01-26T16:49:00Z,gas
3,moonstone-manor-025,Priya,58.86,2026-01-26T21:59:00Z,snacks
4,moonstone-manor-025,Daniel,8.99,2026-01-27T02:08:00Z,groceries
5,moonstone-manor-025,Fatima,124.67,2026-01-27T05:44:00Z,breakfast
0,birch-bungalow-026,Leah,71.33,2026-01-27T14:14:00Z,gas
1,birch-bungalow-026,Fatima,42.13,2026-01-27T17:43:00Z,beach gear
2,birch-bungalow-026,Leah,126.06,2026-01-27T19:22:00Z,utilities
3,birch-bungalow-026,Maya,108.85,2026-01-28T00:19:00Z,rideshare
4,birch-bungalow-026,George,140.76,2026-01-28T00:41:00Z,board games
5,birch-bungalow-026,Daniel,158.47,2026-01-28T05:50:00Z,coffee
6,birch-bungalow-026,Liam,17.83,2026-01-28T07:59:00Z,pizza
7,birch-bungalow-026,Nina,149.95,2026-01-28T10:15:00Z,gas
8,birch-bungalow-026,Julian,130.76,2026-01-28T11:10:00Z,rideshare
9,birch-bungalow-026,Zoe,169.70,2026-01-28T16:27:00Z,board games
0,skylight-flat-027,Amina,93.38,2026-01-28T15:06:00Z,cleaning supplies
1,skylight-flat-027,Zoe,41.14,2026-01-28T20:45:00Z,ice cream
2,skylight-flat-027,Fatima,125.51,2026-01-28T21:11:00Z,gas
3,skylight-flat-027,Liam,114.98,2026-01-29T00:38:00Z,rideshare
4,skylight-flat-027,Sofia,129.51,2026-01-29T02:35:00Z,pizza
5,skylight-flat-027,Fatima,120.94,2026-01-29T04:55:00Z,house supplies
6,skylight-flat-027,Pedro,184.50,2026-01-29T07:28:00Z,beach gear
7,skylight-flat-027,Avery,160.72,2026-01-29T08:53:00Z,brunch
8,skylight-flat-027,Noah,172.97,2026-01-29T14:46:00Z,groceries
0,seabreeze-lodge-028,Marcus,139.53,2026-01-29T17:20:00Z,ice cream
1,seabreeze-lodge-028,Julian,104.11,2026-01-29T23:10:00Z,laundry
2,seabreeze-lodge-028,Zoe,37.77,2026-01-30T04:15:00Z,pizza
3,seabreeze-lodge-028,Priya,170.58,2026-01-30T07:57:00Z,board games
4,seabreeze-lodge-028,Avery,158.84,2026-01-30T13:14:00Z,board games
5,seabreeze-lodge-028,Isaac,44.28,2026-01-30T14:23:00Z,movie tickets
6,seabreeze-lodge-028,Avery,13.55,2026-01-30T16:03:00Z,museum entry
7,seabreeze-lodge-028,Chloe,145.60,2026-01-30T21:23:00Z,movie tickets
8,seabreeze-lodge-028,Fatima,91.67,2026-01-31T03:04:00Z,movie tickets
0,terracotta-home-029,Amina,97.04,2026-01-30T17:39:00Z,gas
1,terracotta-home-029,Liam,116.13,2026-01-30T19:01:00Z,house supplies
2,terracotta-home-029,Elena,128.52,2026-01-30T23:07:00Z,board games
3,terracotta-home-029,Owen,11.32,2026-01-31T01:53:00Z,cleaning supplies
4,terracotta-home-029,Chloe,9.72,2026-01-31T06:27:00Z,dinner
0,misty-harbor-030,Priya,111.07,2026-01-31T16:01:00Z,rideshare
1,misty-harbor-030,Zoe,109.93,2026-01-31T21:56:00Z,house supplies
2,misty-harbor-030,Owen,175.91,2026-01-31T22:25:00Z,museum entry
3,misty-harbor-030,Elena,177.47,2026-02-01T00:48:00Z,cleaning supplies
4,misty-harbor-030,Zoe,115.45,2026-02-01T05:28:00Z,cleaning supplies
5,misty-harbor-030,Julian,148.19,2026-02-01T08:17:00Z,utilities
0,alpine-retreat-031,Owen,10.74,2026-02-01T17:31:00Z,snacks
1,alpine-retreat-031,Sofia,153.84,2026-02-01T22:24:00Z,parking
2,alpine-retreat-031,Elena,66.89,2026-02-01T23:46:00Z,groceries
3,alpine-retreat-031,Isaac,153.20,2026-02-02T02:28:00Z,gas
4,alpine-retreat-031,Nina,45.60,2026-02-02T07:28:00Z,coffee
0,sunset-loft-032,Julian,34.44,2026-02-02T17:49:00Z,brunch
1,sunset-loft-032,Daniel,149.23,2026-02-02T20:59:00Z,laundry
2,sunset-loft-032,Pedro,125.77,2026-02-03T02:26:00Z,movie tickets
3,sunset-loft-032,Marcus,163.83,2026-02-03T02:59:00Z,movie tickets
4,sunset-loft-032,Julian,123.42,2026-02-03T07:10:00Z,pizza
5,sunset-loft-032,Chloe,22.48,2026-02-03T10:18:00Z,beach gear
6,sunset-loft-032,Noah,118.96,2026-02-03T15:06:00Z,rideshare
7,sunset-loft-032,Isaac,151.48,2026-02-03T19:22:00Z,dinner
0,maple-house-033,Liam,15.03,2026-02-03T17:48:00Z,board games
1,maple-house-033,Liam,145.11,2026-02-03T18:52:00Z,late-night food
2,maple-house-033,George,168.12,2026-02-03T20:48:00Z,laundry
3,maple-house-033,Maya,35.23,2026-02-03T21:55:00Z,house supplies
4,maple-house-033,Priya,132.31,2026-02-03T22:29:00Z,rideshare
5,maple-house-033,Zoe,72.48,2026-02-03T23:53:00Z,dinner
6,maple-house-033,George,32.70,2026-02-04T05:11:00Z,house supplies
0,bluebird-suite-034,Chloe,57.25,2026-02-04T13:49:00Z,late-night food
1,bluebird-suite-034,Leah,143.32,2026-02-04T18:11:00Z,utilities
2,bluebird-suite-034,Liam,81.64,2026-02-04T20:10:00Z,dinner
3,bluebird-suite-034,Priya,135.00,2026-02-05T01:06:00Z,rideshare
4,bluebird-suite-034,Marcus,29.75,2026-02-05T03:42:00Z,pizza
5,bluebird-suite-034,Nina,106.99,2026-02-05T08:04:00Z,pizza
6,bluebird-suite-034,Avery,64.01,2026-02-05T12:36:00Z,groceries
0,harbor-view-035,Daniel,43.65,2026-02-05T13:16:00Z,gas
1,harbor-view-035,Zoe,52.39,2026-02-05T13:36:00Z,snacks
2,harbor-view-035,Fatima,137.73,2026-02-05T14:29:00Z,gas
3,harbor-view-035,Maya,134.01,2026-02-05T19:47:00Z,groceries
4,harbor-view-035,George,103.76,2026-02-06T00:04:00Z,snacks
5,harbor-view-035,Liam,54.68,2026-02-06T03:35:00Z,breakfast
0,canyon-cabin-036,Daniel,131.29,2026-02-06T13:34:00Z,late-night food
1,canyon-cabin-036,Fatima,104.89,2026-02-06T18:58:00Z,house supplies
2,canyon-cabin-036,George,4.77,2026-02-06T21:31:00Z,snacks
3,canyon-cabin-036,Marcus,135.28,2026-02-06T23:56:00Z,cleaning supplies
4,canyon-cabin-036,Julian,14.97,2026-02-07T03:00:00Z,snacks
5,canyon-cabin-036,Zoe,150.48,2026-02-07T07:04:00Z,ice cream
0,cedar-lodge-037,Chloe,117.93,2026-02-07T15:55:00Z,beach gear
1,cedar-lodge-037,Julian,97.04,2026-02-07T16:28:00Z,groceries
2,cedar-lodge-037,Daniel,160.05,2026-02-07T19:18:00Z,house supplies
3,cedar-lodge-037,Sofia,67.27,2026-02-07T22:44:00Z,snacks
4,cedar-lodge-037,Liam,140.05,2026-02-08T02:21:00Z,movie tickets
5,cedar-lodge-037,Elena,161.17,2026-02-08T07:05:00Z,gas
6,cedar-lodge-037,Amina,152.06,2026-02-08T11:38:00Z,beach gear
7,cedar-lodge-037,Chloe,71.06,2026-02-08T14:52:00Z,utilities
8,cedar-lodge-037,Marcus,128.63,2026-02-08T19:57:00Z,utilities
0,orchard-flat-038,Maya,116.67,2026-02-08T17:02:00Z,late-night food
1,orchard-flat-038,Zoe,170.04,2026-02-08T18:25:00Z,dinner
2,orchard-flat-038,Sofia,100.89,2026-02-08T19:05:00Z,dinner
3,orchard-flat-038,Leah,143.24,2026-02-08T19:25:00Z,groceries
4,orchard-flat-038,Leah,118.01,2026-02-08T20:32:00Z,movie tickets
5,orchard-flat-038,Pedro,166.10,2026-02-08T23:44:00Z,utilities
6,orchard-flat-038,Elena,27.68,2026-02-09T05:16:00Z,brunch
0,riverview-den-039,Leah,73.24,2026-02-09T15:38:00Z,rideshare
1,riverview-den-039,Pedro,104.54,2026-02-09T19:07:00Z,laundry
2,riverview-den-039,Daniel,76.07,2026-02-09T21:32:00Z,house supplies
3,riverview-den-039,George,26.69,2026-02-10T02:07:00Z,snacks
4,riverview-den-039,Noah,151.36,2026-02-10T04:17:00Z,movie tickets
5,riverview-den-039,Avery,43.27,2026-02-10T08:30:00Z,cleaning supplies
6,riverview-den-039,Elena,69.50,2026-02-10T11:25:00Z,rideshare
7,riverview-den-039,Owen,85.17,2026-02-10T12:30:00Z,ice cream
0,golden-hall-040,Marcus,68.67,2026-02-10T15:35:00Z,pizza
1,golden-hall-040,Liam,9.21,2026-02-10T17:55:00Z,gas
2,golden-hall-040,Owen,65.67,2026-02-10T19:49:00Z,utilities
3,golden-hall-040,Sofia,109.24,2026-02-10T23:00:00Z,dinner
4,golden-hall-040,Owen,56.40,2026-02-11T00:26:00Z,movie tickets
5,golden-hall-040,Daniel,64.84,2026-02-11T03:42:00Z,ice cream
6,golden-hall-040,Zoe,57.70,2026-02-11T07:38:00Z,laundry
0,pine-studio-041,Maya,142.50,2026-02-11T15:42:00Z,ice cream
1,pine-studio-041,Zoe,133.23,2026-02-11T20:24:00Z,gas
2,pine-studio-041,Owen,85.93,2026-02-12T00:02:00Z,breakfast
3,pine-studio-041,Nina,151.97,2026-02-12T00:21:00Z,coffee
4,pine-studio-041,Chloe,96.38,2026-02-12T03:13:00Z,dinner
5,pine-studio-041,Isaac,120.06,2026-02-12T04:48:00Z,cleaning supplies
6,pine-studio-041,Isaac,79.35,2026-02-12T06:44:00Z,coffee
7,pine-studio-041,Isaac,110.86,2026-02-12T11:04:00Z,laundry
8,pine-studio-041,Chloe,94.67,2026-02-12T15:29:00Z,pizza
0,willow-nook-042,Nina,105.65,2026-02-12T15:17:00Z,movie tickets
1,willow-nook-042,Leah,42.64,2026-02-12T19:53:00Z,snacks
2,willow-nook-042,Julian,15.19,2026-02-12T21:01:00Z,groceries
3,willow-nook-042,Isaac,48.87,2026-02-13T02:20:00Z,movie tickets
4,willow-nook-042,Owen,151.77,2026-02-13T04:39:00Z,laundry
0,meadow-place-043,Liam,172.02,2026-02-13T14:35:00Z,beach gear
1,meadow-place-043,Priya,100.72,2026-02-13T17:59:00Z,coffee
2,meadow-place-043,Owen,51.78,2026-02-13T21:25:00Z,board games
3,meadow-place-043,George,184.13,2026-02-13T22:50:00Z,pizza
4,meadow-place-043,Sofia,101.97,2026-02-14T02:24:00Z,board games
5,meadow-place-043,Leah,171.01,2026-02-14T05:15:00Z,parking
6,meadow-place-043,Chloe,180.79,2026-02-14T09:44:00Z,snacks
7,meadow-place-043,Pedro,173.33,2026-02-14T10:44:00Z,utilities
8,meadow-place-043,Julian,117.54,2026-02-14T11:10:00Z,house supplies
9,meadow-place-043,Julian,35.77,2026-02-14T13:18:00Z,late-night food
0,granite-home-044,Liam,123.28,2026-02-14T12:52:00Z,snacks
1,granite-home-044,Nina,103.10,2026-02-14T17:20:00Z,groceries
2,granite-home-044,Chloe,5.77,2026-02-14T18:40:00Z,movie tickets
3,granite-home-044,Chloe,47.59,2026-02-14T20:33:00Z,cleaning supplies
4,granite-home-044,Daniel,96.97,2026-02-14T23:05:00Z,brunch
0,driftwood-bungalow-045,George,71.62,2026-02-15T12:30:00Z,house supplies
1,driftwood-bungalow-045,Fatima,20.35,2026-02-15T17:31:00Z,coffee
2,driftwood-bungalow-045,Noah,174.47,2026-02-15T22:46:00Z,coffee
3,driftwood-bungalow-045,Priya,8.72,2026-02-15T23:17:00Z,cleaning supplies
4,driftwood-bungalow-045,Isaac,10.36,2026-02-16T01:13:00Z,movie tickets
5,driftwood-bungalow-045,Leah,170.14,2026-02-16T06:09:00Z,breakfast
6,driftwood-bungalow-045,Daniel,67.00,2026-02-16T07:16:00Z,coffee
7,driftwood-bungalow-045,Owen,33.30,2026-02-16T13:16:00Z,groceries
8,driftwood-bungalow-045,Liam,32.29,2026-02-16T17:40:00Z,breakfast
9,driftwood-bungalow-045,Elena,176.80,2026-02-16T22:50:00Z,snacks
0,oak-commons-046,George,155.17,2026-02-16T17:34:00Z,utilities
1,oak-commons-046,Isaac,120.43,2026-02-16T19:48:00Z,cleaning supplies
2,oak-commons-046,Chloe,88.42,2026-02-16T21:00:00Z,house supplies
3,oak-commons-046,Leah,60.62,2026-02-16T22:54:00Z,breakfast
4,oak-commons-046,Pedro,52.66,2026-02-17T02:23:00Z,house supplies
5,oak-commons-046,Avery,127.84,2026-02-17T04:22:00Z,movie tickets
6,oak-commons-046,Chloe,63.43,2026-02-17T06:42:00Z,parking
0,lighthouse-room-047,Noah,168.59,2026-02-17T15:53:00Z,house supplies
1,lighthouse-room-047,Zoe,30.25,2026-02-17T16:16:00Z,groceries
2,lighthouse-room-047,Sofia,64.84,2026-02-17T20:46:00Z,snacks
3,lighthouse-room-047,Pedro,30.24,2026-02-17T23:12:00Z,breakfast
4,lighthouse-room-047,Daniel,170.80,2026-02-18T02:59:00Z,breakfast
5,lighthouse-room-047,Zoe,176.50,2026-02-18T05:40:00Z,dinner
6,lighthouse-room-047,Fatima,143.99,2026-02-18T06:32:00Z,parking
7,lighthouse-room-047,Priya,143.12,2026-02-18T08:45:00Z,pizza
8,lighthouse-room-047,Maya,84.49,2026-02-18T11:28:00Z,house supplies
9,lighthouse-room-047,Leah,157.34,2026-02-18T17:12:00Z,late-night food
0,redwood-haven-048,Leah,120.00,2026-02-18T14:07:00Z,dinner
1,redwood-haven-048,Elena,160.76,2026-02-18T20:04:00Z,parking
2,redwood-haven-048,Nina,118.91,2026-02-18T21:45:00Z,parking
3,redwood-haven-048,Marcus,55.20,2026-02-19T00:08:00Z,utilities
4,redwood-haven-048,Avery,60.73,2026-02-19T03:33:00Z,dinner
5,redwood-haven-048,Maya,114.02,2026-02-19T05:35:00Z,beach gear
6,redwood-haven-048,Isaac,113.67,2026-02-19T06:02:00Z,dinner
7,redwood-haven-048,Priya,156.15,2026-02-19T09:34:00Z,late-night food
0,summit-base-049,Avery,53.73,2026-02-19T15:33:00Z,ice cream
1,summit-base-049,Avery,119.27,2026-02-19T16:16:00Z,late-night food
2,summit-base-049,Fatima,165.69,2026-02-19T17:59:00Z,rideshare
3,summit-base-049,Julian,48.42,2026-02-19T20:46:00Z,movie tickets
4,summit-base-049,Maya,154.88,2026-02-20T00:17:00Z,rideshare
5,summit-base-049,Maya,145.37,2026-02-20T02:23:00Z,movie tickets
6,summit-base-049,Elena,105.14,2026-02-20T08:07:00Z,late-night food
7,summit-base-049,Julian,121.80,2026-02-20T12:30:00Z,laundry
8,summit-base-049,Daniel,92.00,2026-02-20T15:56:00Z,brunch
9,summit-base-049,Marcus,71.85,2026-02-20T18:30:00Z,groceries
0,garden-terrace-050,Marcus,101.81,2026-02-20T13:52:00Z,board games
1,garden-terrace-050,Daniel,55.95,2026-02-20T16:47:00Z,board games
2,garden-terrace-050,Leah,145.94,2026-02-20T19:49:00Z,groceries
3,garden-terrace-050,Isaac,84.80,2026-02-20T20:11:00Z,beach gear
4,garden-terrace-050,Isaac,95.64,2026-02-20T21:21:00Z,dinner
5,garden-terrace-050,Nina,136.61,2026-02-20T23:11:00Z,dinner
6,garden-terrace-050,Marcus,164.34,2026-02-21T04:02:00Z,dinner
0,northstar-hub-051,Isaac,101.52,2026-02-21T12:48:00Z,rideshare
1,northstar-hub-051,George,173.63,2026-02-21T18:10:00Z,dinner
2,northstar-hub-051,Zoe,82.28,2026-02-21T19:23:00Z,groceries
3,northstar-hub-051,Liam,55.03,2026-02-21T21:54:00Z,coffee
4,northstar-hub-051,Nina,116.38,2026-02-22T02:40:00Z,groceries
5,northstar-hub-051,Zoe,23.38,2026-02-22T03:48:00Z,board games
6,northstar-hub-051,Avery,113.02,2026-02-22T05:09:00Z,laundry
7,northstar-hub-051,Chloe,87.59,2026-02-22T11:01:00Z,museum entry
0,coral-court-052,Sofia,114.30,2026-02-22T12:35:00Z,movie tickets
1,coral-court-052,Owen,178.69,2026-02-22T13:12:00Z,coffee
2,coral-court-052,Liam,27.61,2026-02-22T14:18:00Z,rideshare
3,coral-court-052,Maya,184.56,2026-02-22T16:16:00Z,cleaning supplies
4,coral-court-052,Owen,171.18,2026-02-22T20:49:00Z,gas
5,coral-court-052,Pedro,7.45,2026-02-22T21:42:00Z,ice cream
6,coral-court-052,Amina,10.07,2026-02-22T23:53:00Z,house supplies
7,coral-court-052,Maya,148.75,2026-02-23T00:32:00Z,museum entry
0,silver-springs-053,Isaac,57.21,2026-02-23T16:52:00Z,movie tickets
1,silver-springs-053,Isaac,113.43,2026-02-23T22:16:00Z,pizza
2,silver-springs-053,Owen,157.69,2026-02-23T22:39:00Z,groceries
3,silver-springs-053,Nina,11.24,2026-02-24T01:20:00Z,late-night food
4,silver-springs-053,Marcus,115.45,2026-02-24T02:05:00Z,groceries
5,silver-springs-053,Marcus,156.79,2026-02-24T03:49:00Z,pizza
6,silver-springs-053,Noah,11.02,2026-02-24T05:29:00Z,snacks
7,silver-springs-053,Avery,35.47,2026-02-24T08:57:00Z,museum entry
8,silver-springs-053,Priya,177.18,2026-02-24T11:46:00Z,ice cream
0,elm-grove-054,Pedro,48.00,2026-02-24T14:25:00Z,ice cream
1,elm-grove-054,Liam,161.83,2026-02-24T18:15:00Z,pizza
2,elm-grove-054,Priya,156.89,2026-02-24T23:45:00Z,groceries
3,elm-grove-054,Fatima,168.37,2026-02-25T05:25:00Z,board games
4,elm-grove-054,Nina,176.69,2026-02-25T10:32:00Z,laundry
0,moonstone-manor-055,Zoe,73.47,2026-02-25T15:31:00Z,coffee
1,moonstone-manor-055,Zoe,103.01,2026-02-25T16:36:00Z,brunch
2,moonstone-manor-055,Zoe,56.02,2026-02-25T21:49:00Z,laundry
3,moonstone-manor-055,Elena,49.17,2026-02-25T23:07:00Z,ice cream
4,moonstone-manor-055,Pedro,174.89,2026-02-25T23:26:00Z,breakfast
0,birch-bungalow-056,Isaac,69.37,2026-02-26T17:18:00Z,pizza
1,birch-bungalow-056,Fatima,18.92,2026-02-26T20:35:00Z,gas
2,birch-bungalow-056,Owen,38.56,2026-02-26T23:25:00Z,movie tickets
3,birch-bungalow-056,Zoe,65.03,2026-02-27T02:07:00Z,dinner
4,birch-bungalow-056,Daniel,123.29,2026-02-27T06:22:00Z,beach gear
5,birch-bungalow-056,Liam,53.95,2026-02-27T09:16:00Z,ice cream
6,birch-bungalow-056,Julian,161.63,2026-02-27T09:55:00Z,house supplies
7,birch-bungalow-056,Fatima,130.63,2026-02-27T14:57:00Z,parking
8,birch-bungalow-056,Maya,113.35,2026-02-27T18:26:00Z,utilities
9,birch-bungalow-056,Pedro,77.82,2026-02-27T22:26:00Z,coffee
0,skylight-flat-057,Elena,76.91,2026-02-27T17:56:00Z,snacks
1,skylight-flat-057,Daniel,175.82,2026-02-27T20:43:00Z,brunch
2,skylight-flat-057,Priya,141.78,2026-02-28T01:24:00Z,board games
3,skylight-flat-057,Pedro,105.10,2026-02-28T04:46:00Z,dinner
4,skylight-flat-057,Nina,157.96,2026-02-28T07:00:00Z,dinner
5,skylight-flat-057,Noah,148.51,2026-02-28T08:40:00Z,rideshare
6,skylight-flat-057,Chloe,126.72,2026-02-28T10:37:00Z,museum entry
7,skylight-flat-057,Julian,52.84,2026-02-28T13:03:00Z,rideshare
0,seabreeze-lodge-058,Priya,153.67,2026-02-28T13:38:00Z,utilities
1,seabreeze-lodge-058,Sofia,30.99,2026-02-28T18:41:00Z,board games
2,seabreeze-lodge-058,Leah,22.58,2026-02-28T20:37:00Z,parking
3,seabreeze-lodge-058,Chloe,102.98,2026-02-28T21:01:00Z,rideshare
4,seabreeze-lodge-058,Priya,105.25,2026-02-28T22:03:00Z,pizza
5,seabreeze-lodge-058,Priya,7.43,2026-03-01T01:54:00Z,brunch
6,seabreeze-lodge-058,Maya,111.33,2026-03-01T02:33:00Z,gas
7,seabreeze-lodge-058,Chloe,146.91,2026-03-01T04:57:00Z,parking
8,seabreeze-lodge-058,Priya,148.15,2026-03-01T08:07:00Z,movie tickets
9,seabreeze-lodge-058,Zoe,144.53,2026-03-01T08:57:00Z,gas
0,terracotta-home-059,Maya,50.46,2026-03-01T16:02:00Z,laundry
1,terracotta-home-059,Maya,70.24,2026-03-01T21:07:00Z,breakfast
2,terracotta-home-059,Priya,139.89,2026-03-02T00:26:00Z,late-night food
3,terracotta-home-059,Maya,81.19,2026-03-02T03:00:00Z,groceries
4,terracotta-home-059,Fatima,10.14,2026-03-02T05:59:00Z,board games
5,terracotta-home-059,Maya,151.04,2026-03-02T07:46:00Z,groceries
6,terracotta-home-059,Pedro,39.78,2026-03-02T09:22:00Z,beach gear
7,terracotta-home-059,Pedro,9.81,2026-03-02T14:15:00Z,utilities
8,terracotta-home-059,Liam,128.13,2026-03-02T15:42:00Z,pizza
0,misty-harbor-060,Owen,104.43,2026-03-02T17:48:00Z,utilities
1,misty-harbor-060,Priya,150.33,2026-03-02T23:45:00Z,beach gear
2,misty-harbor-060,Amina,108.90,2026-03-03T01:28:00Z,parking
3,misty-harbor-060,Amina,170.20,2026-03-03T06:06:00Z,groceries
4,misty-harbor-060,Amina,175.89,2026-03-03T09:41:00Z,dinner
5,misty-harbor-060,Sofia,106.25,2026-03-03T14:10:00Z,parking
0,alpine-retreat-061,Leah,102.32,2026-03-03T15:55:00Z,gas
1,alpine-retreat-061,George,121.26,2026-03-03T20:12:00Z,dinner
2,alpine-retreat-061,Avery,25.09,2026-03-03T23:07:00Z,brunch
3,alpine-retreat-061,Owen,128.83,2026-03-04T02:29:00Z,dinner
4,alpine-retreat-061,Leah,174.33,2026-03-04T04:46:00Z,museum entry
5,alpine-retreat-061,Priya,141.96,2026-03-04T08:35:00Z,dinner
6,alpine-retreat-061,Owen,89.66,2026-03-04T13:10:00Z,ice cream
7,alpine-retreat-061,Julian,61.51,2026-03-04T19:08:00Z,parking
8,alpine-retreat-061,Liam,131.57,2026-03-04T23:41:00Z,groceries
0,sunset-loft-062,Priya,125.87,2026-03-04T18:00:00Z,parking
1,sunset-loft-062,Pedro,73.10,2026-03-04T23:09:00Z,ice cream
2,sunset-loft-062,Priya,126.06,2026-03-05T01:34:00Z,cleaning supplies
3,sunset-loft-062,Nina,170.15,2026-03-05T06:33:00Z,dinner
4,sunset-loft-062,Julian,132.90,2026-03-05T11:53:00Z,gas
5,sunset-loft-062,Nina,88.10,2026-03-05T14:59:00Z,house supplies
6,sunset-loft-062,Pedro,65.68,2026-03-05T18:08:00Z,cleaning supplies
7,sunset-loft-062,Fatima,173.97,2026-03-05T23:27:00Z,parking
8,sunset-loft-062,Noah,107.86,2026-03-06T02:35:00Z,breakfast
9,sunset-loft-062,Leah,5.31,2026-03-06T05:36:00Z,snacks
0,maple-house-063,George,38.00,2026-03-05T15:39:00Z,museum entry
1,maple-house-063,Noah,169.72,2026-03-05T20:26:00Z,dinner
2,maple-house-063,Amina,50.21,2026-03-05T21:27:00Z,utilities
3,maple-house-063,Chloe,18.51,2026-03-06T02:05:00Z,coffee
4,maple-house-063,Noah,16.63,2026-03-06T04:34:00Z,coffee
5,maple-house-063,Owen,114.23,2026-03-06T06:40:00Z,brunch
6,maple-house-063,Noah,91.72,2026-03-06T07:51:00Z,snacks
7,maple-house-063,Priya,87.34,2026-03-06T08:50:00Z,parking
8,maple-house-063,Avery,156.94,2026-03-06T10:52:00Z,movie tickets
9,maple-house-063,Sofia,101.64,2026-03-06T15:05:00Z,house supplies
0,bluebird-suite-064,Sofia,119.88,2026-03-06T13:14:00Z,board games
1,bluebird-suite-064,Elena,88.43,2026-03-06T17:47:00Z,pizza
2,bluebird-suite-064,Elena,126.52,2026-03-06T20:55:00Z,brunch
3,bluebird-suite-064,Priya,20.03,2026-03-06T21:15:00Z,house supplies
4,bluebird-suite-064,Pedro,49.22,2026-03-06T22:27:00Z,coffee
5,bluebird-suite-064,Owen,149.85,2026-03-07T01:34:00Z,brunch
6,bluebird-suite-064,Isaac,175.93,2026-03-07T05:38:00Z,house supplies
0,harbor-view-065,Noah,155.20,2026-03-07T13:01:00Z,parking
1,harbor-view-065,Daniel,157.04,2026-03-07T16:31:00Z,brunch
2,harbor-view-065,Chloe,14.11,2026-03-07T21:33:00Z,ice cream
3,harbor-view-065,Marcus,89.95,2026-03-07T23:26:00Z,snacks
4,harbor-view-065,Maya,16.78,2026-03-08T01:49:00Z,brunch
5,harbor-view-065,Nina,133.15,2026-03-08T04:56:00Z,breakfast
6,harbor-view-065,Maya,51.23,2026-03-08T06:18:00Z,movie tickets
7,harbor-view-065,Owen,27.21,2026-03-08T06:54:00Z,board games
0,canyon-cabin-066,Fatima,158.26,2026-03-08T17:39:00Z,ice cream
1,canyon-cabin-066,Owen,136.32,2026-03-08T18:16:00Z,cleaning supplies
2,canyon-cabin-066,George,14.20,2026-03-08T22:21:00Z,ice cream
3,canyon-cabin-066,Nina,40.01,2026-03-08T22:46:00Z,rideshare
4,canyon-cabin-066,Owen,29.68,2026-03-09T01:10:00Z,coffee
5,canyon-cabin-066,Isaac,143.44,2026-03-09T07:03:00Z,rideshare
6,canyon-cabin-066,Chloe,14.16,2026-03-09T09:23:00Z,rideshare
0,cedar-lodge-067,Avery,129.25,2026-03-09T16:02:00Z,brunch
1,cedar-lodge-067,Amina,41.88,2026-03-09T19:17:00Z,movie tickets
2,cedar-lodge-067,Priya,42.98,2026-03-10T00:18:00Z,dinner
3,cedar-lodge-067,Zoe,154.73,2026-03-10T01:43:00Z,ice cream
4,cedar-lodge-067,Pedro,32.57,2026-03-10T03:14:00Z,breakfast
0,orchard-flat-068,Julian,12.74,2026-03-10T15:07:00Z,laundry
1,orchard-flat-068,Daniel,173.84,2026-03-10T18:19:00Z,cleaning supplies
2,orchard-flat-068,Chloe,77.07,2026-03-10T23:36:00Z,gas
3,orchard-flat-068,Elena,160.85,2026-03-11T00:59:00Z,cleaning supplies
4,orchard-flat-068,Daniel,148.25,2026-03-11T03:11:00Z,cleaning supplies
5,orchard-flat-068,Nina,144.26,2026-03-11T08:18:00Z,movie tickets
0,riverview-den-069,Marcus,30.52,2026-03-11T15:20:00Z,pizza
1,riverview-den-069,Pedro,52.92,2026-03-11T20:52:00Z,rideshare
2,riverview-den-069,Zoe,128.66,2026-03-12T00:35:00Z,groceries
3,riverview-den-069,Zoe,178.01,2026-03-12T02:43:00Z,groceries
4,riverview-den-069,Sofia,42.37,2026-03-12T06:01:00Z,parking
5,riverview-den-069,Avery,93.95,2026-03-12T06:25:00Z,laundry
6,riverview-den-069,Marcus,161.39,2026-03-12T09:11:00Z,cleaning supplies
0,golden-hall-070,Owen,51.88,2026-03-12T16:19:00Z,ice cream
1,golden-hall-070,Leah,85.23,2026-03-12T18:39:00Z,coffee
2,golden-hall-070,Avery,130.15,2026-03-12T23:26:00Z,coffee
3,golden-hall-070,Marcus,156.32,2026-03-13T01:14:00Z,breakfast
4,golden-hall-070,Priya,136.10,2026-03-13T03:50:00Z,house supplies
5,golden-hall-070,Fatima,27.71,2026-03-13T06:53:00Z,beach gear
6,golden-hall-070,Julian,128.26,2026-03-13T12:22:00Z,house supplies
0,pine-studio-071,Nina,117.89,2026-03-13T15:46:00Z,board games
1,pine-studio-071,Chloe,166.48,2026-03-13T21:39:00Z,coffee
2,pine-studio-071,Isaac,118.30,2026-03-13T23:22:00Z,beach gear
3,pine-studio-071,Leah,61.61,2026-03-14T05:04:00Z,cleaning supplies
4,pine-studio-071,Liam,23.20,2026-03-14T06:50:00Z,movie tickets
5,pine-studio-071,Amina,74.86,2026-03-14T11:39:00Z,gas
0,willow-nook-072,Liam,14.76,2026-03-14T13:07:00Z,groceries
1,willow-nook-072,Marcus,28.42,2026-03-14T15:19:00Z,dinner
2,willow-nook-072,Daniel,140.13,2026-03-14T18:20:00Z,museum entry
3,willow-nook-072,Zoe,163.35,2026-03-14T21:31:00Z,brunch
4,willow-nook-072,Marcus,147.58,2026-03-15T00:05:00Z,museum entry
0,meadow-place-073,Priya,129.45,2026-03-15T13:33:00Z,brunch
1,meadow-place-073,Amina,172.40,2026-03-15T19:02:00Z,ice cream
2,meadow-place-073,Avery,159.66,2026-03-16T00:50:00Z,late-night food
3,meadow-place-073,Sofia,9.57,2026-03-16T05:46:00Z,parking
4,meadow-place-073,Maya,64.25,2026-03-16T10:20:00Z,gas
5,meadow-place-073,Avery,26.87,2026-03-16T11:14:00Z,board games
6,meadow-place-073,Avery,58.14,2026-03-16T14:48:00Z,board games
7,meadow-place-073,Marcus,77.43,2026-03-16T20:29:00Z,snacks
8,meadow-place-073,Chloe,169.94,2026-03-17T02:00:00Z,late-night food
9,meadow-place-073,Owen,67.38,2026-03-17T02:49:00Z,laundry
0,granite-home-074,Avery,160.88,2026-03-16T15:35:00Z,house supplies
1,granite-home-074,Avery,49.51,2026-03-16T19:16:00Z,brunch
2,granite-home-074,Avery,49.62,2026-03-16T22:16:00Z,coffee
3,granite-home-074,Daniel,40.73,2026-03-17T00:39:00Z,board games
4,granite-home-074,Isaac,56.93,2026-03-17T02:45:00Z,beach gear
5,granite-home-074,Amina,149.03,2026-03-17T03:41:00Z,house supplies
6,granite-home-074,Amina,133.97,2026-03-17T06:15:00Z,board games
7,granite-home-074,Sofia,50.47,2026-03-17T07:11:00Z,late-night food
8,granite-home-074,Pedro,158.94,2026-03-17T08:06:00Z,gas
0,driftwood-bungalow-075,Amina,73.99,2026-03-17T16:43:00Z,beach gear
1,driftwood-bungalow-075,George,142.43,2026-03-17T17:04:00Z,utilities
2,driftwood-bungalow-075,Maya,40.08,2026-03-17T18:17:00Z,groceries
3,driftwood-bungalow-075,Fatima,181.96,2026-03-17T22:31:00Z,gas
4,driftwood-bungalow-075,Daniel,66.35,2026-03-18T00:10:00Z,museum entry
0,oak-commons-076,Isaac,127.50,2026-03-18T14:08:00Z,house supplies
1,oak-commons-076,Avery,73.85,2026-03-18T14:37:00Z,laundry
2,oak-commons-076,Noah,174.97,2026-03-18T19:47:00Z,parking
3,oak-commons-076,Owen,166.67,2026-03-18T20:47:00Z,snacks
4,oak-commons-076,Isaac,47.18,2026-03-19T01:29:00Z,parking
5,oak-commons-076,Elena,114.53,2026-03-19T05:38:00Z,laundry
6,oak-commons-076,Avery,181.19,2026-03-19T11:19:00Z,cleaning supplies
7,oak-commons-076,Zoe,109.77,2026-03-19T16:09:00Z,coffee
0,lighthouse-room-077,George,170.56,2026-03-19T15:44:00Z,brunch
1,lighthouse-room-077,Owen,62.34,2026-03-19T19:25:00Z,groceries
2,lighthouse-room-077,Daniel,143.17,2026-03-19T23:48:00Z,dinner
3,lighthouse-room-077,Amina,40.05,2026-03-20T02:06:00Z,rideshare
4,lighthouse-room-077,Priya,164.09,2026-03-20T03:59:00Z,dinner
5,lighthouse-room-077,Marcus,163.77,2026-03-20T05:57:00Z,board games
6,lighthouse-room-077,Maya,169.76,2026-03-20T06:16:00Z,laundry
0,redwood-haven-078,Marcus,169.53,2026-03-20T15:40:00Z,brunch
1,redwood-haven-078,Liam,23.93,2026-03-20T17:02:00Z,house supplies
2,redwood-haven-078,Avery,154.67,2026-03-20T18:47:00Z,house supplies
3,redwood-haven-078,Liam,71.80,2026-03-20T22:32:00Z,dinner
4,redwood-haven-078,George,175.87,2026-03-21T00:19:00Z,groceries
5,redwood-haven-078,Isaac,30.81,2026-03-21T03:12:00Z,pizza
6,redwood-haven-078,Isaac,38.14,2026-03-21T08:28:00Z,museum entry
0,summit-base-079,Nina,99.37,2026-03-21T15:05:00Z,pizza
1,summit-base-079,Isaac,168.33,2026-03-21T20:44:00Z,beach gear
2,summit-base-079,Liam,178.91,2026-03-21T22:21:00Z,parking
3,summit-base-079,Maya,135.67,2026-03-22T01:05:00Z,house supplies
4,summit-base-079,Liam,145.10,2026-03-22T06:02:00Z,gas
5,summit-base-079,Amina,42.54,2026-03-22T06:47:00Z,coffee
6,summit-base-079,Nina,126.05,2026-03-22T09:04:00Z,laundry
7,summit-base-079,Liam,176.00,2026-03-22T12:09:00Z,beach gear
8,summit-base-079,Liam,98.60,2026-03-22T14:02:00Z,snacks
0,garden-terrace-080,Daniel,19.76,2026-03-22T14:38:00Z,ice cream
1,garden-terrace-080,Daniel,58.45,2026-03-22T16:33:00Z,utilities
2,garden-terrace-080,Avery,152.43,2026-03-22T20:54:00Z,snacks
3,garden-terrace-080,Isaac,32.88,2026-03-23T00:52:00Z,coffee
4,garden-terrace-080,Elena,42.00,2026-03-23T01:20:00Z,late-night food
5,garden-terrace-080,Liam,16.24,2026-03-23T04:49:00Z,movie tickets
0,northstar-hub-081,Avery,178.62,2026-03-23T13:19:00Z,snacks
1,northstar-hub-081,Nina,71.80,2026-03-23T18:35:00Z,rideshare
2,northstar-hub-081,Liam,161.38,2026-03-23T23:53:00Z,pizza
3,northstar-hub-081,Owen,24.38,2026-03-24T04:48:00Z,utilities
4,northstar-hub-081,Chloe,104.81,2026-03-24T10:38:00Z,dinner
5,northstar-hub-081,Noah,106.37,2026-03-24T16:18:00Z,house supplies
6,northstar-hub-081,Nina,118.71,2026-03-24T21:01:00Z,house supplies
7,northstar-hub-081,Avery,26.51,2026-03-24T22:50:00Z,gas
8,northstar-hub-081,Julian,61.14,2026-03-25T04:03:00Z,pizza
9,northstar-hub-081,Fatima,100.59,2026-03-25T09:25:00Z,laundry
0,coral-court-082,Pedro,101.59,2026-03-24T12:39:00Z,groceries
1,coral-court-082,Liam,33.08,2026-03-24T14:35:00Z,house supplies
2,coral-court-082,Isaac,129.68,2026-03-24T18:48:00Z,parking
3,coral-court-082,Isaac,25.47,2026-03-24T21:00:00Z,laundry
4,coral-court-082,Leah,131.32,2026-03-24T21:22:00Z,board games
5,coral-court-082,Elena,33.97,2026-03-25T02:02:00Z,movie tickets
6,coral-court-082,Liam,118.88,2026-03-25T02:20:00Z,coffee
7,coral-court-082,Amina,43.53,2026-03-25T04:10:00Z,brunch
8,coral-court-082,Marcus,22.26,2026-03-25T05:35:00Z,pizza
0,silver-springs-083,Sofia,37.70,2026-03-25T17:13:00Z,ice cream
1,silver-springs-083,George,98.14,2026-03-25T17:55:00Z,pizza
2,silver-springs-083,Daniel,171.86,2026-03-25T20:58:00Z,coffee
3,silver-springs-083,Chloe,74.48,2026-03-25T23:25:00Z,ice cream
4,silver-springs-083,Amina,108.42,2026-03-26T04:05:00Z,rideshare
5,silver-springs-083,Leah,124.15,2026-03-26T05:07:00Z,gas
6,silver-springs-083,George,27.47,2026-03-26T05:51:00Z,gas
7,silver-springs-083,Chloe,87.04,2026-03-26T06:58:00Z,beach gear
0,elm-grove-084,Liam,125.41,2026-03-26T15:48:00Z,groceries
1,elm-grove-084,Maya,131.56,2026-03-26T17:21:00Z,utilities
2,elm-grove-084,Daniel,157.78,2026-03-26T22:24:00Z,board games
3,elm-grove-084,Elena,87.45,2026-03-27T00:24:00Z,beach gear
4,elm-grove-084,Nina,94.49,2026-03-27T05:29:00Z,brunch
5,elm-grove-084,Isaac,6.10,2026-03-27T07:20:00Z,house supplies
6,elm-grove-084,Nina,16.45,2026-03-27T13:20:00Z,dinner
0,moonstone-manor-085,Amina,24.73,2026-03-27T13:40:00Z,board games
1,moonstone-manor-085,Elena,114.83,2026-03-27T14:52:00Z,pizza
2,moonstone-manor-085,Avery,14.82,2026-03-27T15:38:00Z,movie tickets
3,moonstone-manor-085,Avery,142.44,2026-03-27T21:21:00Z,museum entry
4,moonstone-manor-085,Sofia,179.15,2026-03-27T23:24:00Z,beach gear
5,moonstone-manor-085,Liam,10.44,2026-03-28T02:03:00Z,dinner
6,moonstone-manor-085,Noah,61.00,2026-03-28T08:00:00Z,beach gear
7,moonstone-manor-085,Zoe,173.84,2026-03-28T10:31:00Z,board games
0,birch-bungalow-086,Fatima,120.14,2026-03-28T15:17:00Z,pizza
1,birch-bungalow-086,Chloe,43.98,2026-03-28T15:34:00Z,laundry
2,birch-bungalow-086,Priya,8.95,2026-03-28T19:10:00Z,pizza
3,birch-bungalow-086,Nina,122.64,2026-03-28T22:17:00Z,gas
4,birch-bungalow-086,Owen,153.11,2026-03-29T03:01:00Z,utilities
0,skylight-flat-087,Liam,52.58,2026-03-29T17:59:00Z,parking
1,skylight-flat-087,Priya,49.31,2026-03-29T19:47:00Z,museum entry
2,skylight-flat-087,Isaac,170.25,2026-03-30T01:02:00Z,groceries
3,skylight-flat-087,Zoe,53.69,2026-03-30T05:16:00Z,cleaning supplies
4,skylight-flat-087,Nina,111.98,2026-03-30T10:11:00Z,coffee
5,skylight-flat-087,Noah,32.25,2026-03-30T14:08:00Z,dinner
6,skylight-flat-087,Zoe,103.33,2026-03-30T16:56:00Z,rideshare
7,skylight-flat-087,Marcus,179.75,2026-03-30T20:41:00Z,utilities
8,skylight-flat-087,Fatima,47.00,2026-03-30T21:06:00Z,laundry
9,skylight-flat-087,Isaac,11.41,2026-03-30T22:42:00Z,rideshare
0,seabreeze-lodge-088,Julian,18.09,2026-03-30T16:34:00Z,house supplies
1,seabreeze-lodge-088,Sofia,95.03,2026-03-30T18:25:00Z,brunch
2,seabreeze-lodge-088,Marcus,142.65,2026-03-31T00:20:00Z,board games
3,seabreeze-lodge-088,George,87.20,2026-03-31T01:05:00Z,parking
4,seabreeze-lodge-088,Avery,95.87,2026-03-31T01:30:00Z,breakfast
0,terracotta-home-089,Zoe,147.72,2026-03-31T13:11:00Z,groceries
1,terracotta-home-089,Owen,122.61,2026-03-31T18:48:00Z,groceries
2,terracotta-home-089,Pedro,133.80,2026-03-31T23:47:00Z,brunch
3,terracotta-home-089,Elena,34.25,2026-04-01T03:39:00Z,brunch
4,terracotta-home-089,Leah,32.81,2026-04-01T06:57:00Z,gas
5,terracotta-home-089,Amina,104.73,2026-04-01T08:53:00Z,cleaning supplies
0,misty-harbor-090,Pedro,166.43,2026-04-01T15:48:00Z,movie tickets
1,misty-harbor-090,Fatima,44.97,2026-04-01T18:24:00Z,cleaning supplies
2,misty-harbor-090,Fatima,44.79,2026-04-01T21:53:00Z,brunch
3,misty-harbor-090,Owen,18.90,2026-04-02T00:18:00Z,museum entry
4,misty-harbor-090,Nina,81.42,2026-04-02T03:55:00Z,house supplies
5,misty-harbor-090,Owen,38.17,2026-04-02T05:46:00Z,coffee
6,misty-harbor-090,Leah,33.46,2026-04-02T09:01:00Z,late-night food
7,misty-harbor-090,Daniel,171.19,2026-04-02T13:32:00Z,coffee
8,misty-harbor-090,Nina,75.60,2026-04-02T14:04:00Z,rideshare
9,misty-harbor-090,Nina,51.07,2026-04-02T15:29:00Z,brunch
0,alpine-retreat-091,Nina,175.09,2026-04-02T16:29:00Z,utilities
1,alpine-retreat-091,George,21.36,2026-04-02T16:58:00Z,snacks
2,alpine-retreat-091,Maya,67.94,2026-04-02T20:49:00Z,ice cream
3,alpine-retreat-091,Noah,51.28,2026-04-03T00:11:00Z,gas
4,alpine-retreat-091,Nina,110.03,2026-04-03T04:43:00Z,movie tickets
5,alpine-retreat-091,Julian,53.26,2026-04-03T09:17:00Z,ice cream
6,alpine-retreat-091,Noah,58.58,2026-04-03T11:35:00Z,house supplies
7,alpine-retreat-091,Elena,6.52,2026-04-03T13:31:00Z,parking
8,alpine-retreat-091,Leah,81.98,2026-04-03T16:58:00Z,beach gear
0,sunset-loft-092,George,70.94,2026-04-03T15:16:00Z,brunch
1,sunset-loft-092,Zoe,145.51,2026-04-03T15:37:00Z,pizza
2,sunset-loft-092,Chloe,106.09,2026-04-03T19:01:00Z,museum entry
3,sunset-loft-092,Sofia,167.63,2026-04-03T20:14:00Z,utilities
4,sunset-loft-092,Pedro,143.22,2026-04-04T01:41:00Z,laundry
5,sunset-loft-092,Nina,35.67,2026-04-04T04:23:00Z,laundry
6,sunset-loft-092,Daniel,85.96,2026-04-04T07:07:00Z,board games
7,sunset-loft-092,Priya,105.82,2026-04-04T07:55:00Z,brunch
0,maple-house-093,Maya,132.61,2026-04-04T16:04:00Z,cleaning supplies
1,maple-house-093,Isaac,28.79,2026-04-04T17:39:00Z,ice cream
2,maple-house-093,Marcus,128.17,2026-04-04T20:03:00Z,groceries
3,maple-house-093,Leah,80.11,2026-04-04T23:51:00Z,board games
4,maple-house-093,Noah,54.70,2026-04-05T03:21:00Z,laundry
5,maple-house-093,Pedro,108.33,2026-04-05T08:39:00Z,movie tickets
6,maple-house-093,Zoe,17.97,2026-04-05T13:05:00Z,pizza
0,bluebird-suite-094,Isaac,161.26,2026-04-05T16:59:00Z,late-night food
1,bluebird-suite-094,Elena,70.12,2026-04-05T18:45:00Z,brunch
2,bluebird-suite-094,Marcus,180.10,2026-04-05T21:49:00Z,movie tickets
3,bluebird-suite-094,Fatima,121.23,2026-04-06T02:47:00Z,laundry
4,bluebird-suite-094,Owen,25.78,2026-04-06T08:02:00Z,cleaning supplies
5,bluebird-suite-094,Priya,90.24,2026-04-06T10:35:00Z,museum entry
6,bluebird-suite-094,Leah,111.49,2026-04-06T13:52:00Z,late-night food
7,bluebird-suite-094,Nina,150.17,2026-04-06T17:06:00Z,gas
8,bluebird-suite-094,Owen,150.71,2026-04-06T18:22:00Z,pizza
0,harbor-view-095,Maya,160.64,2026-04-06T17:38:00Z,late-night food
1,harbor-view-095,Maya,181.76,2026-04-06T21:57:00Z,house supplies
2,harbor-view-095,Nina,130.95,2026-04-07T03:29:00Z,beach gear
3,harbor-view-095,Pedro,43.42,2026-04-07T07:02:00Z,late-night food
4,harbor-view-095,Sofia,29.62,2026-04-07T11:12:00Z,pizza
5,harbor-view-095,Julian,156.11,2026-04-07T15:20:00Z,dinner
6,harbor-view-095,Pedro,11.54,2026-04-07T19:25:00Z,gas
7,harbor-view-095,Avery,103.87,2026-04-07T21:48:00Z,laundry
8,harbor-view-095,Isaac,149.61,2026-04-08T00:05:00Z,pizza
0,canyon-cabin-096,Nina,116.53,2026-04-07T13:50:00Z,groceries
1,canyon-cabin-096,Julian,108.69,2026-04-07T17:03:00Z,utilities
2,canyon-cabin-096,George,165.04,2026-04-07T20:23:00Z,late-night food
3,canyon-cabin-096,Isaac,181.16,2026-04-08T01:42:00Z,movie tickets
4,canyon-cabin-096,Owen,169.16,2026-04-08T07:38:00Z,breakfast
5,canyon-cabin-096,Nina,166.51,2026-04-08T09:04:00Z,late-night food
6,canyon-cabin-096,Maya,184.55,2026-04-08T14:02:00Z,laundry
7,canyon-cabin-096,Fatima,14.20,2026-04-08T18:23:00Z,laundry
8,canyon-cabin-096,Amina,82.09,2026-04-08T23:47:00Z,breakfast
0,cedar-lodge-097,Marcus,91.42,2026-04-08T15:05:00Z,gas
1,cedar-lodge-097,George,71.73,2026-04-08T20:41:00Z,museum entry
2,cedar-lodge-097,Owen,107.30,2026-04-08T22:38:00Z,house supplies
3,cedar-lodge-097,Avery,120.34,2026-04-09T03:23:00Z,gas
4,cedar-lodge-097,Leah,171.55,2026-04-09T08:15:00Z,laundry
5,cedar-lodge-097,Isaac,119.45,2026-04-09T08:39:00Z,breakfast
6,cedar-lodge-097,Elena,176.70,2026-04-09T13:32:00Z,snacks
7,cedar-lodge-097,Nina,136.50,2026-04-09T14:54:00Z,laundry
8,cedar-lodge-097,Maya,152.11,2026-04-09T18:16:00Z,brunch
0,orchard-flat-098,Fatima,156.02,2026-04-09T13:04:00Z,cleaning supplies
1,orchard-flat-098,Isaac,130.86,2026-04-09T15:58:00Z,house supplies
2,orchard-flat-098,George,105.00,2026-04-09T18:55:00Z,ice cream
3,orchard-flat-098,Pedro,36.55,2026-04-10T00:43:00Z,gas
4,orchard-flat-098,Leah,129.51,2026-04-10T02:55:00Z,beach gear
5,orchard-flat-098,Julian,53.85,2026-04-10T06:48:00Z,beach gear
6,orchard-flat-098,Nina,167.54,2026-04-10T10:30:00Z,utilities
7,orchard-flat-098,Leah,26.96,2026-04-10T13:39:00Z,pizza
8,orchard-flat-098,Avery,184.32,2026-04-10T14:16:00Z,house supplies
0,riverview-den-099,Sofia,130.39,2026-04-10T14:51:00Z,board games
1,riverview-den-099,Maya,91.73,2026-04-10T18:21:00Z,laundry
2,riverview-den-099,Priya,157.63,2026-04-10T19:05:00Z,movie tickets
3,riverview-den-099,Nina,158.94,2026-04-10T23:49:00Z,cleaning supplies
4,riverview-den-099,Avery,168.11,2026-04-11T00:57:00Z,house supplies
5,riverview-den-099,Sofia,105.43,2026-04-11T05:38:00Z,cleaning supplies
6,riverview-den-099,Isaac,135.14,2026-04-11T08:11:00Z,cleaning supplies
0,golden-hall-100,Noah,128.40,2026-04-11T15:27:00Z,house supplies
1,golden-hall-100,Zoe,179.49,2026-04-11T17:46:00Z,rideshare
2,golden-hall-100,Elena,80.56,2026-04-11T18:15:00Z,laundry
3,golden-hall-100,George,40.44,2026-04-11T22:22:00Z,parking
4,golden-hall-100,Sofia,163.77,2026-04-11T23:45:00Z,breakfast
5,golden-hall-100,Noah,75.15,2026-04-12T03:31:00Z,utilities
0,pine-studio-101,Noah,167.83,2026-04-12T14:18:00Z,dinner
1,pine-studio-101,George,136.83,2026-04-12T17:38:00Z,house supplies
2,pine-studio-101,Julian,67.14,2026-04-12T23:38:00Z,laundry
3,pine-studio-101,Priya,91.13,2026-04-13T05:04:00Z,coffee
4,pine-studio-101,Avery,60.28,2026-04-13T09:47:00Z,parking
5,pine-studio-101,Zoe,51.82,2026-04-13T14:47:00Z,brunch
6,pine-studio-101,Leah,41.64,2026-04-13T15:07:00Z,late-night food
0,willow-nook-102,Marcus,161.79,2026-04-13T12:51:00Z,late-night food
1,willow-nook-102,Fatima,133.19,2026-04-13T17:20:00Z,cleaning supplies
2,willow-nook-102,Priya,6.52,2026-04-13T19:47:00Z,laundry
3,willow-nook-102,Owen,79.01,2026-04-13T22:57:00Z,laundry
4,willow-nook-102,Pedro,142.85,2026-04-14T02:52:00Z,movie tickets
5,willow-nook-102,Nina,168.08,2026-04-14T06:30:00Z,movie tickets
6,willow-nook-102,Sofia,106.37,2026-04-14T10:40:00Z,brunch
0,meadow-place-103,Pedro,99.32,2026-04-14T14:29:00Z,snacks
1,meadow-place-103,Zoe,180.06,2026-04-14T18:36:00Z,utilities
2,meadow-place-103,Priya,75.39,2026-04-15T00:07:00Z,breakfast
3,meadow-place-103,Marcus,59.35,2026-04-15T02:10:00Z,snacks
4,meadow-place-103,Sofia,106.88,2026-04-15T06:13:00Z,utilities
5,meadow-place-103,Noah,76.28,2026-04-15T12:06:00Z,museum entry
6,meadow-place-103,Zoe,63.49,2026-04-15T16:13:00Z,dinner
7,meadow-place-103,Chloe,36.11,2026-04-15T21:15:00Z,beach gear
8,meadow-place-103,Isaac,78.47,2026-04-16T00:52:00Z,dinner
0,granite-home-104,Maya,90.23,2026-04-15T13:37:00Z,cleaning supplies
1,granite-home-104,Avery,166.10,2026-04-15T15:45:00Z,house supplies
2,granite-home-104,Noah,68.78,2026-04-15T18:52:00Z,pizza
3,granite-home-104,Maya,137.63,2026-04-15T21:47:00Z,breakfast
4,granite-home-104,Elena,60.13,2026-04-16T00:37:00Z,dinner
0,driftwood-bungalow-105,Julian,150.43,2026-04-16T12:52:00Z,brunch
1,driftwood-bungalow-105,Sofia,94.86,2026-04-16T15:02:00Z,coffee
2,driftwood-bungalow-105,Maya,173.50,2026-04-16T16:35:00Z,house supplies
3,driftwood-bungalow-105,Nina,44.06,2026-04-16T19:21:00Z,house supplies
4,driftwood-bungalow-105,Fatima,44.96,2026-04-16T23:42:00Z,snacks
5,driftwood-bungalow-105,George,104.37,2026-04-17T02:50:00Z,late-night food
6,driftwood-bungalow-105,Marcus,39.50,2026-04-17T08:12:00Z,dinner
0,oak-commons-106,Leah,148.96,2026-04-17T17:10:00Z,late-night food
1,oak-commons-106,Marcus,84.53,2026-04-17T17:38:00Z,cleaning supplies
2,oak-commons-106,Julian,104.23,2026-04-17T23:19:00Z,house supplies
3,oak-commons-106,George,130.21,2026-04-18T01:06:00Z,ice cream
4,oak-commons-106,Pedro,71.60,2026-04-18T05:47:00Z,movie tickets
5,oak-commons-106,Avery,32.31,2026-04-18T07:45:00Z,parking
6,oak-commons-106,Fatima,38.81,2026-04-18T13:25:00Z,pizza
7,oak-commons-106,Avery,174.38,2026-04-18T17:31:00Z,gas
8,oak-commons-106,Isaac,111.32,2026-04-18T22:55:00Z,utilities
9,oak-commons-106,Chloe,149.73,2026-04-19T04:33:00Z,dinner
0,lighthouse-room-107,Daniel,75.89,2026-04-18T13:57:00Z,cleaning supplies
1,lighthouse-room-107,Maya,88.78,2026-04-18T17:57:00Z,laundry
2,lighthouse-room-107,Julian,174.66,2026-04-18T20:34:00Z,brunch
3,lighthouse-room-107,Julian,30.84,2026-04-19T00:17:00Z,beach gear
4,lighthouse-room-107,Nina,21.81,2026-04-19T04:16:00Z,rideshare
0,redwood-haven-108,George,123.95,2026-04-19T17:06:00Z,snacks
1,redwood-haven-108,Amina,143.53,2026-04-19T18:39:00Z,coffee
2,redwood-haven-108,Owen,65.49,2026-04-19T22:26:00Z,snacks
3,redwood-haven-108,Fatima,17.99,2026-04-20T02:45:00Z,laundry
4,redwood-haven-108,Maya,27.94,2026-04-20T07:49:00Z,house supplies
5,redwood-haven-108,Fatima,17.59,2026-04-20T10:34:00Z,coffee
6,redwood-haven-108,Liam,92.03,2026-04-20T12:40:00Z,museum entry
0,summit-base-109,Maya,122.47,2026-04-20T14:11:00Z,pizza
1,summit-base-109,Julian,113.12,2026-04-20T19:44:00Z,house supplies
2,summit-base-109,Fatima,11.08,2026-04-21T00:59:00Z,museum entry
3,summit-base-109,Julian,92.69,2026-04-21T04:51:00Z,utilities
4,summit-base-109,Fatima,120.22,2026-04-21T05:50:00Z,house supplies
0,garden-terrace-110,Noah,150.52,2026-04-21T12:17:00Z,cleaning supplies
1,garden-terrace-110,Owen,91.71,2026-04-21T15:02:00Z,snacks
2,garden-terrace-110,Leah,142.91,2026-04-21T15:36:00Z,brunch
3,garden-terrace-110,Leah,164.26,2026-04-21T19:26:00Z,snacks
4,garden-terrace-110,Noah,88.26,2026-04-21T20:23:00Z,dinner
5,garden-terrace-110,Zoe,70.30,2026-04-21T22:22:00Z,breakfast
6,garden-terrace-110,Daniel,131.20,2026-04-22T01:51:00Z,movie tickets
0,northstar-hub-111,Maya,160.31,2026-04-22T14:55:00Z,ice cream
1,northstar-hub-111,Chloe,36.63,2026-04-22T18:37:00Z,ice cream
2,northstar-hub-111,George,69.13,2026-04-22T23:19:00Z,snacks
3,northstar-hub-111,Priya,102.71,2026-04-22T23:50:00Z,laundry
4,northstar-hub-111,Amina,42.55,2026-04-23T00:53:00Z,snacks
5,northstar-hub-111,Fatima,103.36,2026-04-23T02:01:00Z,groceries
0,coral-court-112,Pedro,52.74,2026-04-23T16:56:00Z,brunch
1,coral-court-112,Julian,71.55,2026-04-23T19:41:00Z,parking
2,coral-court-112,Chloe,154.38,2026-04-23T23:00:00Z,breakfast
3,coral-court-112,Owen,50.53,2026-04-24T02:25:00Z,ice cream
4,coral-court-112,Owen,100.92,2026-04-24T08:11:00Z,rideshare
5,coral-court-112,Avery,168.49,2026-04-24T11:30:00Z,late-night food
6,coral-court-112,Isaac,130.68,2026-04-24T15:48:00Z,breakfast
7,coral-court-112,Daniel,33.01,2026-04-24T17:29:00Z,snacks
8,coral-court-112,Isaac,82.63,2026-04-24T17:51:00Z,laundry
9,coral-court-112,Priya,102.27,2026-04-24T18:36:00Z,late-night food
0,silver-springs-113,Noah,169.56,2026-04-24T17:05:00Z,parking
1,silver-springs-113,Owen,156.16,2026-04-24T22:35:00Z,dinner
2,silver-springs-113,Sofia,66.40,2026-04-25T00:09:00Z,cleaning supplies
3,silver-springs-113,Chloe,74.13,2026-04-25T03:17:00Z,late-night food
4,silver-springs-113,Nina,104.55,2026-04-25T06:39:00Z,pizza
5,silver-springs-113,Avery,10.32,2026-04-25T09:26:00Z,rideshare
6,silver-springs-113,Leah,33.61,2026-04-25T12:29:00Z,museum entry
0,elm-grove-114,Noah,52.46,2026-04-25T12:29:00Z,house supplies
1,elm-grove-114,Sofia,170.33,2026-04-25T13:28:00Z,beach gear
2,elm-grove-114,Sofia,143.25,2026-04-25T16:21:00Z,ice cream
3,elm-grove-114,Pedro,151.85,2026-04-25T20:15:00Z,house supplies
4,elm-grove-114,Elena,88.40,2026-04-26T01:02:00Z,cleaning supplies
0,moonstone-manor-115,Julian,65.82,2026-04-26T16:22:00Z,breakfast
1,moonstone-manor-115,Chloe,64.07,2026-04-26T17:10:00Z,house supplies
2,moonstone-manor-115,Zoe,70.29,2026-04-26T20:33:00Z,board games
3,moonstone-manor-115,Sofia,75.41,2026-04-26T22:34:00Z,house supplies
4,moonstone-manor-115,Elena,36.17,2026-04-26T23:41:00Z,movie tickets
5,moonstone-manor-115,Pedro,5.22,2026-04-27T01:49:00Z,parking
6,moonstone-manor-115,Zoe,104.79,2026-04-27T06:29:00Z,ice cream
7,moonstone-manor-115,Amina,104.46,2026-04-27T09:08:00Z,cleaning supplies
8,moonstone-manor-115,Avery,181.37,2026-04-27T10:36:00Z,breakfast
0,birch-bungalow-116,Chloe,102.23,2026-04-27T13:42:00Z,breakfast
1,birch-bungalow-116,George,64.27,2026-04-27T17:29:00Z,board games
2,birch-bungalow-116,Sofia,115.79,2026-04-27T19:43:00Z,late-night food
3,birch-bungalow-116,Pedro,50.20,2026-04-27T20:31:00Z,rideshare
4,birch-bungalow-116,Avery,32.34,2026-04-27T20:51:00Z,breakfast
5,birch-bungalow-116,George,75.60,2026-04-27T22:11:00Z,beach gear
0,skylight-flat-117,Owen,112.40,2026-04-28T15:41:00Z,rideshare
1,skylight-flat-117,George,103.40,2026-04-28T20:05:00Z,coffee
2,skylight-flat-117,Pedro,12.08,2026-04-28T20:40:00Z,beach gear
3,skylight-flat-117,Priya,132.64,2026-04-28T22:34:00Z,utilities
4,skylight-flat-117,Julian,59.17,2026-04-28T22:56:00Z,brunch
0,seabreeze-lodge-118,Noah,143.49,2026-04-29T14:07:00Z,parking
1,seabreeze-lodge-118,Leah,65.64,2026-04-29T18:00:00Z,coffee
2,seabreeze-lodge-118,Leah,68.13,2026-04-29T19:18:00Z,beach gear
3,seabreeze-lodge-118,Elena,108.81,2026-04-29T23:27:00Z,ice cream
4,seabreeze-lodge-118,Marcus,156.48,2026-04-30T00:34:00Z,ice cream
5,seabreeze-lodge-118,George,120.58,2026-04-30T02:57:00Z,cleaning supplies
6,seabreeze-lodge-118,Daniel,122.16,2026-04-30T07:39:00Z,utilities
7,seabreeze-lodge-118,Leah,164.81,2026-04-30T08:07:00Z,gas
8,seabreeze-lodge-118,Avery,35.43,2026-04-30T13:43:00Z,rideshare
9,seabreeze-lodge-118,Fatima,35.81,2026-04-30T15:50:00Z,house supplies
0,terracotta-home-119,George,35.73,2026-04-30T17:14:00Z,board games
1,terracotta-home-119,Julian,162.34,2026-04-30T19:05:00Z,coffee
2,terracotta-home-119,Owen,74.25,2026-04-30T23:50:00Z,house supplies
3,terracotta-home-119,Marcus,35.73,2026-05-01T00:09:00Z,movie tickets
4,terracotta-home-119,Amina,75.36,2026-05-01T01:25:00Z,coffee
5,terracotta-home-119,Pedro,175.82,2026-05-01T03:27:00Z,laundry
6,terracotta-home-119,Owen,29.66,2026-05-01T06:14:00Z,cleaning supplies
7,terracotta-home-119,Noah,84.47,2026-05-01T07:49:00Z,coffee
8,terracotta-home-119,Marcus,83.47,2026-05-01T13:15:00Z,museum entry
0,misty-harbor-120,George,140.27,2026-05-01T17:14:00Z,ice cream
1,misty-harbor-120,George,164.04,2026-05-01T18:22:00Z,late-night food
2,misty-harbor-120,Marcus,128.77,2026-05-01T22:28:00Z,board games
3,misty-harbor-120,Priya,137.55,2026-05-01T23:36:00Z,snacks
4,misty-harbor-120,Daniel,146.85,2026-05-02T00:35:00Z,house supplies
5,misty-harbor-120,Amina,135.24,2026-05-02T01:11:00Z,beach gear
6,misty-harbor-120,Zoe,184.90,2026-05-02T04:13:00Z,rideshare
7,misty-harbor-120,Elena,182.60,2026-05-02T09:38:00Z,parking
0,alpine-retreat-121,Pedro,8.92,2026-05-02T17:13:00Z,coffee
1,alpine-retreat-121,Fatima,77.00,2026-05-02T18:46:00Z,gas
2,alpine-retreat-121,Leah,132.37,2026-05-02T19:45:00Z,house supplies
3,alpine-retreat-121,Sofia,19.17,2026-05-02T22:01:00Z,cleaning supplies
4,alpine-retreat-121,Isaac,87.48,2026-05-02T22:34:00Z,pizza
0,sunset-loft-122,Leah,71.60,2026-05-03T13:22:00Z,groceries
1,sunset-loft-122,Zoe,169.03,2026-05-03T17:32:00Z,house supplies
2,sunset-loft-122,Daniel,101.42,2026-05-03T22:56:00Z,beach gear
3,sunset-loft-122,Julian,6.47,2026-05-04T00:59:00Z,brunch
4,sunset-loft-122,Nina,144.78,2026-05-04T01:58:00Z,breakfast
5,sunset-loft-122,Elena,137.24,2026-05-04T03:35:00Z,cleaning supplies
6,sunset-loft-122,Noah,35.64,2026-05-04T05:06:00Z,beach gear
0,maple-house-123,Chloe,90.64,2026-05-04T13:08:00Z,pizza
1,maple-house-123,Priya,90.89,2026-05-04T17:29:00Z,dinner
2,maple-house-123,Owen,124.07,2026-05-04T17:57:00Z,coffee
3,maple-house-123,Avery,57.96,2026-05-04T21:46:00Z,dinner
4,maple-house-123,Liam,171.87,2026-05-05T01:44:00Z,movie tickets
0,bluebird-suite-124,George,55.49,2026-05-05T15:01:00Z,late-night food
1,bluebird-suite-124,Priya,63.96,2026-05-05T19:19:00Z,brunch
2,bluebird-suite-124,Pedro,89.02,2026-05-06T00:34:00Z,gas
3,bluebird-suite-124,Sofia,36.23,2026-05-06T05:23:00Z,brunch
4,bluebird-suite-124,Sofia,63.04,2026-05-06T06:39:00Z,rideshare
5,bluebird-suite-124,Owen,107.20,2026-05-06T09:01:00Z,late-night food
6,bluebird-suite-124,Zoe,76.20,2026-05-06T13:06:00Z,coffee
7,bluebird-suite-124,Pedro,20.99,2026-05-06T18:07:00Z,dinner
8,bluebird-suite-124,George,68.12,2026-05-06T22:57:00Z,ice cream
0,harbor-view-125,George,25.01,2026-05-06T13:34:00Z,parking
1,harbor-view-125,Daniel,144.94,2026-05-06T18:59:00Z,brunch
2,harbor-view-125,Sofia,125.24,2026-05-06T19:39:00Z,cleaning supplies
3,harbor-view-125,Priya,139.51,2026-05-06T23:02:00Z,laundry
4,harbor-view-125,Chloe,70.22,2026-05-07T04:30:00Z,utilities
5,harbor-view-125,George,23.78,2026-05-07T07:13:00Z,ice cream
6,harbor-view-125,Julian,91.59,2026-05-07T09:22:00Z,museum entry
7,harbor-view-125,Elena,158.61,2026-05-07T13:07:00Z,pizza
8,harbor-view-125,Liam,156.36,2026-05-07T15:08:00Z,house supplies
9,harbor-view-125,Julian,41.42,2026-05-07T20:00:00Z,groceries
0,canyon-cabin-126,Zoe,134.55,2026-05-07T14:02:00Z,laundry
1,canyon-cabin-126,Maya,156.20,2026-05-07T18:48:00Z,groceries
2,canyon-cabin-126,Zoe,155.36,2026-05-07T23:31:00Z,cleaning supplies
3,canyon-cabin-126,Owen,147.26,2026-05-08T04:32:00Z,museum entry
4,canyon-cabin-126,Maya,183.04,2026-05-08T08:38:00Z,house supplies
5,canyon-cabin-126,Noah,78.31,2026-05-08T13:24:00Z,breakfast
6,canyon-cabin-126,Maya,80.97,2026-05-08T18:42:00Z,breakfast
7,canyon-cabin-126,Liam,136.41,2026-05-08T21:52:00Z,museum entry
0,cedar-lodge-127,Leah,80.19,2026-05-08T12:51:00Z,late-night food
1,cedar-lodge-127,Noah,183.71,2026-05-08T18:09:00Z,late-night food
2,cedar-lodge-127,Nina,12.59,2026-05-08T20:16:00Z,pizza
3,cedar-lodge-127,Sofia,56.86,2026-05-08T22:28:00Z,breakfast
4,cedar-lodge-127,Avery,107.45,2026-05-09T00:21:00Z,beach gear
5,cedar-lodge-127,Marcus,44.35,2026-05-09T05:54:00Z,utilities
6,cedar-lodge-127,Zoe,13.04,2026-05-09T07:57:00Z,rideshare
0,orchard-flat-128,Zoe,9.85,2026-05-09T13:12:00Z,cleaning supplies
1,orchard-flat-128,Fatima,173.47,2026-05-09T18:46:00Z,laundry
2,orchard-flat-128,Pedro,32.40,2026-05-09T21:33:00Z,pizza
3,orchard-flat-128,Owen,48.75,2026-05-10T00:22:00Z,parking
4,orchard-flat-128,Sofia,107.36,2026-05-10T05:36:00Z,coffee
5,orchard-flat-128,Nina,61.49,2026-05-10T07:48:00Z,laundry
6,orchard-flat-128,Fatima,173.73,2026-05-10T08:20:00Z,groceries
0,riverview-den-129,Priya,172.09,2026-05-10T14:28:00Z,pizza
1,riverview-den-129,Avery,125.09,2026-05-10T19:46:00Z,cleaning supplies
2,riverview-den-129,Julian,153.53,2026-05-10T21:13:00Z,groceries
3,riverview-den-129,Elena,43.53,2026-05-11T03:13:00Z,parking
4,riverview-den-129,Isaac,36.84,2026-05-11T04:29:00Z,gas
5,riverview-den-129,Nina,44.99,2026-05-11T08:30:00Z,ice cream
6,riverview-den-129,Julian,171.32,2026-05-11T12:07:00Z,rideshare
7,riverview-den-129,Fatima,129.83,2026-05-11T14:22:00Z,groceries
8,riverview-den-129,Liam,62.30,2026-05-11T18:40:00Z,parking
0,golden-hall-130,Owen,24.35,2026-05-11T14:46:00Z,late-night food
1,golden-hall-130,Avery,165.34,2026-05-11T17:48:00Z,utilities
2,golden-hall-130,Fatima,113.46,2026-05-11T19:19:00Z,pizza
3,golden-hall-130,Chloe,146.92,2026-05-11T22:35:00Z,board games
4,golden-hall-130,Nina,172.05,2026-05-12T01:02:00Z,brunch
5,golden-hall-130,Leah,153.67,2026-05-12T04:34:00Z,coffee
0,pine-studio-131,Owen,142.54,2026-05-12T18:00:00Z,board games
1,pine-studio-131,Elena,116.05,2026-05-12T18:20:00Z,laundry
2,pine-studio-131,Julian,156.24,2026-05-12T21:30:00Z,snacks
3,pine-studio-131,Leah,178.36,2026-05-13T02:00:00Z,coffee
4,pine-studio-131,Amina,89.31,2026-05-13T02:45:00Z,brunch
5,pine-studio-131,Priya,51.21,2026-05-13T07:13:00Z,beach gear
0,willow-nook-132,Chloe,165.14,2026-05-13T12:46:00Z,beach gear
1,willow-nook-132,Nina,152.65,2026-05-13T13:13:00Z,dinner
2,willow-nook-132,George,117.65,2026-05-13T14:19:00Z,gas
3,willow-nook-132,Owen,9.94,2026-05-13T20:05:00Z,house supplies
4,willow-nook-132,Noah,60.52,2026-05-13T23:53:00Z,groceries
5,willow-nook-132,Chloe,95.77,2026-05-14T01:33:00Z,coffee
6,willow-nook-132,George,8.84,2026-05-14T06:16:00Z,ice cream
0,meadow-place-133,Priya,123.78,2026-05-14T13:21:00Z,gas
1,meadow-place-133,Elena,68.83,2026-05-14T17:55:00Z,cleaning supplies
2,meadow-place-133,Maya,37.92,2026-05-14T22:51:00Z,brunch
3,meadow-place-133,Pedro,176.03,2026-05-15T00:43:00Z,cleaning supplies
4,meadow-place-133,Noah,147.65,2026-05-15T01:22:00Z,utilities
0,granite-home-134,Daniel,75.99,2026-05-15T13:28:00Z,rideshare
1,granite-home-134,Zoe,105.57,2026-05-15T15:52:00Z,groceries
2,granite-home-134,Julian,93.34,2026-05-15T16:11:00Z,house supplies
3,granite-home-134,Zoe,168.73,2026-05-15T22:05:00Z,snacks
4,granite-home-134,Owen,123.23,2026-05-16T00:28:00Z,late-night food
0,driftwood-bungalow-135,Chloe,126.41,2026-05-16T15:59:00Z,coffee
1,driftwood-bungalow-135,Priya,72.26,2026-05-16T20:29:00Z,cleaning supplies
2,driftwood-bungalow-135,Amina,184.86,2026-05-17T00:02:00Z,pizza
3,driftwood-bungalow-135,Zoe,150.90,2026-05-17T04:43:00Z,parking
4,driftwood-bungalow-135,Marcus,67.93,2026-05-17T07:44:00Z,museum entry
5,driftwood-bungalow-135,Leah,181.22,2026-05-17T12:36:00Z,rideshare
6,driftwood-bungalow-135,Daniel,125.23,2026-05-17T18:32:00Z,brunch
7,driftwood-bungalow-135,Nina,151.76,2026-05-17T19:33:00Z,movie tickets
8,driftwood-bungalow-135,Priya,6.08,2026-05-17T20:21:00Z,dinner
9,driftwood-bungalow-135,Fatima,87.31,2026-05-18T01:29:00Z,museum entry
